{
  "M": 7.35e22,
  "H": 47500,
  "G": 6.6742e-11,
  "R": 1737100,
  "m0": 2935.9,
  "u": 3600,
  "dm": 4.2,
  "fuel_mass": 500,
  "r": 1.171,
  "density": 0,
  "vx": 0.0000001,
  "vy": 0.0000001
}